[{
        "id": "1",
        "total": "5230",
        "timestamp": 1656284656,
        "confirmado": true,
        "itens": [{
            "nome": "Produto nome",
            "preco": 543,
            "qtd": 7,
            "total": 76534,
            "img": "uncle-sam.png"
        }, {
            "nome": "Produto nome",
            "preco": 543,
            "qtd": 7,
            "total": 76534,
            "img": "uncle-sam.png"
        }]
    },
    {
        "id": "2",
        "total": "5230",
        "timestamp": 1656284656,
        "confirmado": false,
        "itens": [{
            "nome": "Produto nome",
            "preco": 543,
            "qtd": 7,
            "total": 76534,
            "img": "uncle-sam.png"
        }, {
            "nome": "Produto nome",
            "preco": 543,
            "qtd": 7,
            "total": 76534,
            "img": "uncle-sam.png"
        }]
    }
]