[{
        "id": "6hgrtuiopka",
        "categoria": "retalho",
        "subcategoria": "saco",
        "stock": "stock",
        "nome": "Saco de arroz uncle sam",
        "descricao": "O Lorem Ipsum tem vindo a ser o texto padrão usado por estas indústrias desde o ano de 1500, quando uma misturou os caracteres de um texto para criar um espécime de livro.",
        "preco": "595",
        "qtd": "20",
        "img": "feijao.png"
    }, {
        "id": "shgrtuiopka",
        "categoria": "retalho",
        "subcategoria": "saco",
        "stock": "stock",
        "nome": "Saco de arroz uncle  25 kg",
        "descricao": "O Lorem Ipsum tem vindo a ser o texto padrão usado por estas indústrias desde o ano de 1500, quando uma misturou os caracteres de um texto para criar um espécime de livro.",
        "preco": "595",
        "qtd": "20",
        "img": "feijao.png"
    }, {
        "id": "s6hgrtuipka",
        "categoria": "retalho",
        "subcategoria": "saco",
        "stock": "stock",
        "nome": "Saco de arroz sam 25 kg",
        "descricao": "O Fofom Ipsum tem vindo a ser o texto padrão usado por estas indústrias desde o ano de 1500, quando uma misturou os caracteres de um texto para criar um espécime de livro.",
        "preco": "595",
        "qtd": "20",
        "img": "feijao.png"
    }, {
        "id": "s6hgrtuioka",
        "categoria": "grosso",
        "subcategoria": "caixa",
        "stock": "stock",
        "nome": "Saco de uncle sam 25 kg",
        "descricao": "O Lorem Ipsum tem vindo a ser o texto padrão usado por estas indústrias desde o ano de 1500, quando uma misturou os caracteres de um texto para criar um espécime de livro.",
        "preco": "595",
        "qtd": "20",
        "img": "feijao.png"
    }, {
        "id": "s6hgrtuiopa",
        "categoria": "grosso",
        "subcategoria": "caixa",
        "stock": "stock",
        "nome": "Saco arroz uncle sam 25 kg",
        "descricao": "O Lorem Ipsum tem vindo a ser o texto padrão usado por estas indústrias desde o ano de 1500, quando uma misturou os caracteres de um texto para criar um espécime de livro.",
        "preco": "595",
        "qtd": "20",
        "img": "feijao.png"
    }, {
        "id": "s6hgrtuiopk",
        "categoria": "grosso",
        "subcategoria": "caixa",
        "stock": "stock",
        "nome": "de arroz uncle sam 25 kg",
        "descricao": "O Lorem Ipsum tem vindo a ser o texto padrão usado por estas indústrias desde o ano de 1500, quando uma misturou os caracteres de um texto para criar um espécime de livro.",
        "preco": "595",
        "qtd": "20",
        "img": "feijao.png"
    },

    {
        "id": "6",
        "categoria": "retalho",
        "subcategoria": "saco",
        "stock": "stock",
        "nome": "Saco de arroz uncle sam",
        "descricao": "O Lorem Ipsum tem vindo a ser o texto padrão usado por estas indústrias desde o ano de 1500, quando uma misturou os caracteres de um texto para criar um espécime de livro.",
        "preco": "595",
        "qtd": "20",
        "img": "feijao.png"
    }, {
        "id": "5",
        "categoria": "retalho",
        "subcategoria": "saco",
        "stock": "stock",
        "nome": "Saco de arroz uncle  25 kg",
        "descricao": "O Lorem Ipsum tem vindo a ser o texto padrão usado por estas indústrias desde o ano de 1500, quando uma misturou os caracteres de um texto para criar um espécime de livro.",
        "preco": "595",
        "qtd": "20",
        "img": "feijao.png"
    }, {
        "id": "4",
        "categoria": "retalho",
        "subcategoria": "saco",
        "stock": "stock",
        "nome": "Saco de arroz sam 25 kg",
        "descricao": "O Fofom Ipsum tem vindo a ser o texto padrão usado por estas indústrias desde o ano de 1500, quando uma misturou os caracteres de um texto para criar um espécime de livro.",
        "preco": "595",
        "qtd": "20",
        "img": "feijao.png"
    }, {
        "id": "3",
        "categoria": "grosso",
        "subcategoria": "caixa",
        "stock": "stock",
        "nome": "Saco de uncle sam 25 kg",
        "descricao": "O Lorem Ipsum tem vindo a ser o texto padrão usado por estas indústrias desde o ano de 1500, quando uma misturou os caracteres de um texto para criar um espécime de livro.",
        "preco": "595",
        "qtd": "20",
        "img": "feijao.png"
    }, {
        "id": "2",
        "categoria": "grosso",
        "subcategoria": "caixa",
        "stock": "stock",
        "nome": "Saco arroz uncle sam 25 kg",
        "descricao": "O Lorem Ipsum tem vindo a ser o texto padrão usado por estas indústrias desde o ano de 1500, quando uma misturou os caracteres de um texto para criar um espécime de livro.",
        "preco": "595",
        "qtd": "20",
        "img": "feijao.png"
    }, {
        "id": "1",
        "categoria": "grosso",
        "subcategoria": "caixa",
        "stock": "stock",
        "nome": "de arroz uncle sam 25 kg",
        "descricao": "O Lorem Ipsum tem vindo a ser o texto padrão usado por estas indústrias desde o ano de 1500, quando uma misturou os caracteres de um texto para criar um espécime de livro.",
        "preco": "595",
        "qtd": "20",
        "img": "feijao.png"
    }
]